,carbInput,bgInput,insulinCarbRatio,insulinSensitivityFactor,cgm_slope_6,carb_insulin_ratio,total_recent_insulin,subject_avg_isf
other_pca_0,0.0003052523081790278,-0.002446982863401688,-0.01659546677989644,-0.0035656928947647355,0.9994028517617063,0.009196097175721119,-0.028543636860185323,-0.0006541364768558202
other_pca_1,0.1390749619275763,-0.002103699288173777,-0.42087830062274967,-0.02222137338443386,-0.012488025021379575,0.8900224473859923,0.09931716126997356,-0.029352851673261966
other_pca_2,0.19217367907132724,-0.01120456123919572,0.8988451366125841,0.009630152463971465,0.011917182902417655,0.3920151658370714,0.0233198758695703,-0.02380523736248586
other_pca_3,-0.018888585873122123,0.13171438588692858,0.02074286719315408,0.04603637479510994,0.029837604637389815,-0.09536005891698335,0.9847587163163767,-0.003372637283787799
other_pca_4,0.04599934366876923,0.9144240778934499,-0.005282300121234214,0.36958744022735635,-0.0005686940191337645,0.019493784065625408,-0.13641873875278038,0.07809919442217916
